source	target	weight
map18	g2a	1
jaz10	d105n	1
smt2	s359a	1
cyp85a2	s359a	1
uvr8/gef-like 3	r338a	1
arl1	t31n	1
exo70e2	threonine 166 with aspartate	2
csr1-1	p197l	2
retinoblastoma-related1	s6k	1
s6k1	s6k	2
bzr1	pro234-leu	2
arabidopsis thaliana cell-wall invertase 1	d239a	2
cop1	arginine 286 to alanine	1
3-hydroxy-3-methylglutaryl-coa-reductase	s359a	1
ats6k2	s6k	1
glutamine synthetase	asn2 for asparagine	1
myc3	d94n	1
gln1; 1	asn2 for asparagine	1
gs2	asn2 for asparagine	1
acs1	delta8	1
cpk5	g2a	1
myc2	d105n	1
arl1	q71l	1
bri1	asp(122) to asn	1
myc4	d105n	1
rop6	c156s	1
attoc33	r130a	2
far5	m377v	1
delta4	delta8	1
bin2	asp(122) to asn	1
arabidopsis thaliana cell-wall invertase 1	e203a	1
delta1-pyrroline-5-carboxylate dehydrogenase	delta1	1
phl1	delta1	1
pif3	tyr-276-to-his	1
myc4	d94n	1
pcna	s313d	1
immunophilin	s6k	1
uaf1	s313d	2
gs1	asn2 for asparagine	1
sos1	thr(168) to asp	2
atnrt3.1	d105n	1
atxr6	k27q	1
ydk1	e203q	1
arf1	t31n	4
uvr2	delta1	1
cyp710a1	s359a	1
sos2	thr(168) to asp	1
clc-a	e203a	1
anx1 anx2	d94n	1
attoc33	d219n	1
aalp	r385a	1
hypocotyl 5	delta1	1
fab1	delta7	1
exo70b1	threonine 166 with aspartate	2
nitrate reductase	c294y	1
uvr8/gef-like 3	arginine 286 to alanine	1
ggt1	delta1	1
psi2	g2a	1
arf1	q71l	2
jaz1	d105n	1
rin4	threonine 166 with aspartate	2
sco2	c156s	1
dwf1	s359a	1
atxr5	k27q	1
rpm1	threonine 166 with aspartate	2
grip	t31n	1
nrt2	d105n	1
invertase	c294y	2
txr1-1	k27q	1
aberrant peroxisome morphology9	s6k	1
myc3	d105n	1
p5cs1	delta1	2
phosphate starvation response1	delta1	1
pskr2	g2a	1
drp3b	k56a	2
receptor-associated kinase, bak1 (brassinosteroid receptor 1-associated kinase 1	y831f	1
tor	p35s	1
cpk2	g2a	1
arabidopsis thaliana cell-wall invertase 1	e203q	2
pen2	p35s	1
jaz1	d94n	1
gl2	delta8	1
tpc1	d454n	2
csr1-1	p197s	1
phytoalexin-deficient3	p35s	1
jaz10	d94n	1
anx1	d94n	1
san5	p35s	1
erd2	q71l	1
receptor-associated kinase, bak1 (brassinosteroid receptor 1-associated kinase 1	y250f	1
as2	asn2 for asparagine	1
heterotrimeric g protein consists of one galpha subunit (g protein alpha-subunit1	delta4	1
fkbp12	s6k	1
kinase2	delta1	1
aca8	delta74	1
phytochrome b	tyr-276-to-his	2
bri1	y831f	2
hkt1	ser-68 to glycine	1
early flowering in short days	lysine 36 to methionine	1
htr11	k27q	1
lcbk1	delta4	1
attoc33	e220q	1
uvr8/gef-like 3	p35s	1
erg7	delta8	1
calmodulin	d219n	1
grip	q71l	1
tor	s6k	1
als1	p197s	1
hyd1	delta8	1
sos	thr(168) to asp	3
cry2	w400f	1
ltpg1	t31n	1
ftsz	k56a	1
ubp	s313d	2
fad5	delta7	2
arf3	t31n	1
exo70e1	threonine 166 with aspartate	2
athkt1	ser-68 to glycine	2
myc2	d94n	1
hy4	w400f	2
regulatory-associated protein of tor 1b	s6k	1
gigantea	delta6	1
rab8	r385a	1
gsh2	e220q	1
atpskr1	g2a	1
psbs	deltaa535	2
nrt1	d105n	1
prr7	delta6	1
fld	pro234-leu	1
bik1	y250f	1
erd2	t31n	1
asn2	asn2 for asparagine	1
cdk1	s313d	1
receptor-associated kinase, bak1 (brassinosteroid receptor 1-associated kinase 1	asp(122) to asn	1
bes1	asp(122) to asn	1
exo70f1	threonine 166 with aspartate	2
atcyp20-2	pro234-leu	1
clc-a	p160s	2
toc34	r130a	1
saur-ac1	asp(122) to asn	1
atalmt12	r338a	1
flaky pollen1-1	s359a	2
sos3	thr(168) to asp	2
lnk1	delta6	1
dwarf4	asp(122) to asn	1